<?xml version="1.0" encoding="UTF-8"?>
<beans xmlns="http://www.springframework.org/schema/beans"
	xmlns:xsi="http://www.w3.org/2001/XMLSchema-instance"
	xsi:schemaLocation="http://www.springframework.org/schema/beans https://www.springframework.org/schema/beans/spring-beans.xsd">
	
	<!-- Root Context: defines shared resources visible to all other web components -->
	
	
	<bean id="ds" class="org.springframework.jdbc.datasource.DriverManagerDataSource">
		<property name="driverClassName" value="oracle.jdbc.driver.OracleDriver"></property>
		<property name="url" value="jdbc:oracle:thin:@localhost:1521:xe"></property>
		<property name="username" value="Gonzalo"></property>
		<property name="password" value="04210421ggc"></property>
	</bean>
	
	<bean id="jt" class="org.springframework.jdbc.core.JdbcTemplate">
		<property name="dataSource" ref="ds"></property>
	</bean>
	
	
	<bean id="empleadodao" class="cl.ggc.springMVC.DAO.EmpleadoDao">
		<property name="template" ref="jt"></property>
	</bean>
	
	<bean id="clientedao" class="cl.ggc.springMVC.DAO.ClienteDao">
		<property name="template" ref="jt"></property>
	</bean>
	
	<bean id="areaTrabajodao" class="cl.ggc.springMVC.DAO.AreaTrabajoDao">
		<property name="template" ref="jt"></property>
	</bean>
	
	<bean id="cargodao" class="cl.ggc.springMVC.DAO.CargoDao">
		<property name="template" ref="jt"></property>
	</bean>
	
	<bean id="comunadao" class="cl.ggc.springMVC.DAO.ComunaDao">
		<property name="template" ref="jt"></property>
	</bean>
	
	<bean id="contactoClientedao" class="cl.ggc.springMVC.DAO.ContactoClienteDao">
		<property name="template" ref="jt"></property>
	</bean>
	
	<bean id="detServiciodao" class="cl.ggc.springMVC.DAO.DetServicioDao">
		<property name="template" ref="jt"></property>
	</bean>
	
	<bean id="facturadao" class="cl.ggc.springMVC.DAO.FacturaDao">
		<property name="template" ref="jt"></property>
	</bean>
	
	<bean id="folioFacturadao" class="cl.ggc.springMVC.DAO.FolioFacturaDao">
		<property name="template" ref="jt"></property>
	</bean>
	
	<bean id="horariodao" class="cl.ggc.springMVC.DAO.HorarioDao">
		<property name="template" ref="jt"></property>
	</bean>
	
	<bean id="impuestoServiciodao" class="cl.ggc.springMVC.DAO.ImpuestoServicioDao">
		<property name="template" ref="jt"></property>
	</bean>
	
	<bean id="mensajedao" class="cl.ggc.springMVC.DAO.MensajesDao">
		<property name="template" ref="jt"></property>
	</bean>
	
	<bean id="ordenServiciodao" class="cl.ggc.springMVC.DAO.OrdenServicioDao">
		<property name="template" ref="jt"></property>
	</bean>
	
	<bean id="regiondao" class="cl.ggc.springMVC.DAO.RegionDao">
		<property name="template" ref="jt"></property>
	</bean>	
	
	<bean id="serviciodao" class="cl.ggc.springMVC.DAO.ServicioDao">
		<property name="template" ref="jt"></property>
	</bean>
	
	<bean id="valorServiciodao" class="cl.ggc.springMVC.DAO.ValorServicioDao">
		<property name="template" ref="jt"></property>
	</bean>
		
</beans>
