<?xml version="1.0" encoding="UTF-8"?>
<beans:beans
	xmlns="http://www.springframework.org/schema/security"
	xmlns:beans="http://www.springframework.org/schema/beans"
	xmlns:xsi="http://www.w3.org/2001/XMLSchema-instance"
	xsi:schemaLocation="http://www.springframework.org/schema/beans 
                    http://www.springframework.org/schema/beans/spring-beans-3.0.xsd
                    http://www.springframework.org/schema/security 
                    http://www.springframework.org/schema/security/spring-security.xsd">

<!--  	<http use-expressions="true">
		<intercept-url pattern="/" access="permitAll"/>	
		<intercept-url pattern="/NavAdm" access="isAuthenticated()" />
		<intercept-url pattern="/AgregarEmpleado" access="isAuthenticated()" />	
		
		<form-login login-page="/login"
		authentication-failure-url="/error"
		username-parameter="username"
		password-parameter="password"/>
		<csrf/>
		<logout logout-success-url="/login"/>
		
		
	</http>

	<authentication-manager>
		<authentication-provider>
		<password-encoder hash="bcrypt"/>
			<user-service>
				<user name="juan" password = "$2a$10$5k4A.mcnKBASYfMNLde5Lu8uH4JnpfY7sBIsL35NFccESmFQfdksW" authorities="ADMIN, USER"/>
				<user name="maria" password = "$2a$10$5k4A.mcnKBASYfMNLde5Lu8uH4JnpfY7sBIsL35NFccESmFQfdksW" authorities="USER"/>
			</user-service>
			<jdbc-user-service data-source-ref="dataSource"
				users-by-username-query="select username, password, enabled from users where username = ?"
				authorities-by-username-query="select username, rolename as authority from roles where username = ?"
				 />			
		</authentication-provider>
	</authentication-manager>-->

</beans:beans>
